{
  "size": 0,
  "query": {
    "bool": {
      "must": [
        {
          "range": {
            "@timestamp": {
              "gte": "$FECHA_INICIO",
              "lte": "$FECHA_FIN",
              "format": "strict_date_optional_time"
            }
          }
        },
        {
          "bool": {
            "must": [],
            "filter": [
              {
                "bool": {
                  "should": [
                    {
                      "bool": {
                        "filter": [
                          {
                            "bool": {
                              "should": [
                                {
                                  "match": {
                                    "metricset.name": "state_node"
                                  }
                                }
                              ],
                              "minimum_should_match": 1
                            }
                          },
                          {
                            "bool": {
                              "should": [
                                {
                                  "match_phrase": {
                                    "kubernetes.node.status.ready": "true"
                                  }
                                }
                              ],
                              "minimum_should_match": 1
                            }
                          },
                          {
                            "bool": {
                              "should": [
                                {
                                  "bool": {
                                    "should": [
                                      {
                                        "query_string": {
                                          "fields": [
                                            "kubernetes.node.name"
                                          ],
                                          "query": "nodecs*"
                                        }
                                      }
                                    ],
                                    "minimum_should_match": 1
                                  }
                                },
                                {
                                  "bool": {
                                    "should": [
                                      {
                                        "query_string": {
                                          "fields": [
                                            "kubernetes.node.name"
                                          ],
                                          "query": "worker*"
                                        }
                                      }
                                    ],
                                    "minimum_should_match": 1
                                  }
                                },
                                {
                                  "bool": {
                                    "should": [
                                      {
                                        "query_string": {
                                          "fields": [
                                            "kubernetes.node.name"
                                          ],
                                          "query": "*ocpcpt*"
                                        }
                                      }
                                    ],
                                    "minimum_should_match": 1
                                  }
                                }
                              ],
                              "minimum_should_match": 1
                            }
                          }
                        ]
                      }
                    },
                    {
                      "bool": {
                        "filter": [
                          {
                            "bool": {
                              "should": [
                                {
                                  "match": {
                                    "metricset.name": "node"
                                  }
                                }
                              ],
                              "minimum_should_match": 1
                            }
                          },
                          {
                            "bool": {
                              "should": [
                                {
                                  "bool": {
                                    "should": [
                                      {
                                        "query_string": {
                                          "fields": [
                                            "kubernetes.node.name"
                                          ],
                                          "query": "nodecs*"
                                        }
                                      }
                                    ],
                                    "minimum_should_match": 1
                                  }
                                },
                                {
                                  "bool": {
                                    "should": [
                                      {
                                        "query_string": {
                                          "fields": [
                                            "kubernetes.node.name"
                                          ],
                                          "query": "worker*"
                                        }
                                      }
                                    ],
                                    "minimum_should_match": 1
                                  }
                                },
                                {
                                  "bool": {
                                    "should": [
                                      {
                                        "query_string": {
                                          "fields": [
                                            "kubernetes.node.name"
                                          ],
                                          "query": "*ocpcpt*"
                                        }
                                      }
                                    ],
                                    "minimum_should_match": 1
                                  }
                                }
                              ],
                              "minimum_should_match": 1
                            }
                          }
                        ]
                      }
                    }
                  ],
                  "minimum_should_match": 1
                }
              }
            ],
            "should": [],
            "must_not": []
          }
        },
        {
          "bool": {
            "must": [],
            "filter": [],
            "should": [],
            "must_not": []
          }
        }
      ],
      "filter": [
        {
          "match_phrase": {
            "fields.cluster_id.keyword": "$OPENSHIFT_CLUSTER" 
          }
        }
      ],
      "should": [],
      "must_not": []
    }
  },
  "aggs": {
    "timeseries": {
      "date_histogram": {
        "field": "@timestamp",
        "min_doc_count": 0,
        "time_zone": "Europe/Madrid",
        "extended_bounds": {
          "min": 1744184174334,
          "max": 1744191374334
        },
        "fixed_interval": "2h"
      },
      "aggs": {
        "61ca57f2-469d-11e7-af02-69e470af7417": {
          "sum": {
            "field": "kubernetes.node.cpu.allocatable.cores"
          }
        },
        "d9a7f340-5cc8-11ec-b347-453bc8c37d73": {
          "value_count": {
            "field": "kubernetes.node.cpu.allocatable.cores"
          }
        },
        "dac06820-5cc8-11ec-b347-453bc8c37d73": {
          "cardinality": {
            "field": "kubernetes.node.name.keyword"
          }
        },
        "3bd772c0-5cc9-11ec-b347-453bc8c37d73": {
          "bucket_script": {
            "buckets_path": {
              "allocatable_sum": "61ca57f2-469d-11e7-af02-69e470af7417",
              "allocatable_count": "d9a7f340-5cc8-11ec-b347-453bc8c37d73",
              "nodes_unique_count": "dac06820-5cc8-11ec-b347-453bc8c37d73"
            },
            "script": {
              "source": "(params.allocatable_sum) / (params.allocatable_count / params.nodes_unique_count)",
              "lang": "painless",
              "params": {
                "_interval": 300000
              }
            },
            "gap_policy": "skip"
          }
        }
      },
      "meta": {
        "timeField": "@timestamp",
        "panelId": "61ca57f0-469d-11e7-af02-69e470af7417",
        "seriesId": "61ca57f1-469d-11e7-af02-69e470af7417",
        "intervalString": "5m",
        "indexPatternString": "capacity",
        "normalized": true
      }
    }
  },
  "runtime_mappings": {},
  "timeout": "30000ms"
}
