{
  "_source": false,
  "version": true,
  "size": 1,
  "fields": [
      {
          "field": "*",
          "include_unmapped": "false"
      },
      {
          "field": "@timestamp",
          "format": "strict_date_optional_time"
      }
  ],
  "query": {
      "bool": {
          "must": [
              {
                  "query_string": {
                      "query": "(san01darwin.san.pro.bo1) OR (san01darwin.san.pro.bo2)",
                      "default_field": "fields.cluster_id.keyword",
                      "time_zone": "Europe/Madrid"
                  }
              },
              {
                  "query_string": {
                      "query": "(DEBUG) OR (ERROR)",
                      "default_field": "message",
                      "analyze_wildcard": "true",
                      "time_zone": "Europe/Madrid"
                  }
              }
          ],
          "filter": [
              {
                  "range": {
                      "@timestamp": {
                          "gte": "now-2h",
                          "lte": "now",
                          "format": "strict_date_optional_time"
                      }
                  }
              }
          ]
      }
  }
}