{
  "aggs": {
    "2": {
      "terms": {
        "field": "fields.cluster_id.keyword",
        "order": {
          "_key": "asc"
        },
        "size": 1,
        "shard_size": 25
      },
      "aggs": {
        "3": {
          "terms": {
            "field": "kubernetes.namespace.keyword",
            "order": {
              "_key": "asc"
            },
            "size": 99999,
            "exclude": "openshift-.*|default|kube-.*|c3-.*|dynatrace"
          },
          "aggs": {
            "4": {
              "terms": {
                "field": "kubernetes.pod.name.keyword",
                "order": {
                  "_key": "asc"
                },
                "size": 999999,
                "exclude": ".*-deploy"
              },
              "aggs": {
                "1": {
                  "percentiles": {
                    "field": "kubernetes.pod.cpu.usage.nanocores.percentiles.95",
                    "percents": [
                      95
                    ],
                    "keyed": false,
                    "script": {
                      "inline": "Math.round(doc['kubernetes.pod.cpu.usage.nanocores.percentiles.95'].value / 1000 / 1000)",
                      "lang": "painless"
                    }
                  }
                },
                "5": {
                  "max": {
                    "field": "kubernetes.pod.cpu.usage.nanocores.max",
                    "script": {
                      "inline": "Math.round(doc['kubernetes.pod.cpu.usage.nanocores.max'].value / 1000 / 1000)",
                      "lang": "painless"
                    }
                  }
                },
                "6": {
                  "avg": {
                    "field": "kubernetes.container.cpu.request.cores.avg",
                    "script": {
                      "inline": "Math.round(doc['kubernetes.container.cpu.request.cores.avg'].value * 1000)",
                      "lang": "painless"
                    }
                  }
                },
                "7": {
                  "avg": {
                    "field": "kubernetes.container.cpu.limit.cores.avg",
                    "script": {
                      "inline": "Math.round(doc['kubernetes.container.cpu.limit.cores.avg'].value * 1000)",
                      "lang": "painless"
                    }
                  }
                },
                "8": {
                  "avg": {
                    "field": "kubernetes.pod.memory.usage.bytes.avg",
                    "script": {
                      "inline": "Math.round(doc['kubernetes.pod.memory.usage.bytes.avg'].value/1024/1024)",
                      "lang": "painless"
                    }
                  }
                },
                "9": {
                  "max": {
                    "field": "kubernetes.pod.memory.usage.bytes.max",
                    "script": {
                      "inline": "Math.round(doc['kubernetes.pod.memory.usage.bytes.max'].value/1024/1024)",
                      "lang": "painless"
                    }
                  }
                },
                "10": {
                  "avg": {
                    "field": "kubernetes.container.memory.request.bytes.avg",
                    "script": {
                      "inline": "Math.round(doc['kubernetes.container.memory.request.bytes.avg'].value/1024/1024)",
                      "lang": "painless"
                    }
                  }
                },
                "11": {
                  "avg": {
                    "field": "kubernetes.container.memory.limit.bytes.avg",
                    "script": {
                      "inline": "Math.round(doc['kubernetes.container.memory.limit.bytes.avg'].value/1024/1024)",
                      "lang": "painless"
                    }
                  }
                },
                "12": {
                  "avg": {
                    "field": "kubernetes.pod.memory.usage.bytes.total.avg",
                    "script": {
                      "inline": "Math.round(doc['kubernetes.pod.memory.usage.bytes.total.avg'].value/1024/1024)",
                      "lang": "painless"
                    }
                  }
                },
                "13": {
                  "max": {
                    "field": "kubernetes.pod.memory.usage.bytes.total.max",
                    "script": {
                      "inline": "Math.round(doc['kubernetes.pod.memory.usage.bytes.total.max'].value/1024/1024)",
                      "lang": "painless"
                    }
                  }
                }
              }
            }
          }
        }
      }
    }
  },
  "size": 0,
  "fields": [
    {
      "field": "@timestamp",
      "format": "date_time"
    }
  ],
  "script_fields": {},
  "stored_fields": [
    "*"
  ],
  "runtime_mappings": {},
  "_source": {
    "excludes": []
  },
  "query": {
    "bool": {
      "must": [
        {
        "term" : { "fields.cluster_id.keyword": "$OPENSHIFT_CLUSTER" }
        }
      ],
      "filter": [
        {
          "range": {
            "@timestamp": 
            {
              "gte": "now-2h",
              "lte": "now"
            }
          }
        }
      ],
      "should": [],
      "must_not": []
    }
  }
}
