{
  "query": {
    "bool": {
      "must": [
        {
        "term" : { "fields.cluster_id.keyword": "$OPENSHIFT_CLUSTER" }
        }
      ],
      "filter": [
        {
          "range": {
            "@timestamp":
            {
              "gte": "now-2h",
              "lte": "now"
            }
          }
        }
      ]
    }
  },
  "size": 10000,
  "aggs": {
    "all_matching_docs": {
      "filters": {
        "filters": {
          "all": {
            "match_all": {}
          }
        }
      },
      "aggs": {
        "unique_count": {
          "cardinality": {
            "field": "kubernetes.pod.name.keyword"
          }
        },
        "container_cpu_request_sum": {
          "sum": {
            "field": "kubernetes.container.cpu.request.cores"
          }
        },
        "container_cpu_request_count": {
          "value_count": {
            "field": "kubernetes.container.cpu.request.cores"
          }
        },
        "container_cpu_limit_sum": {
          "sum": {
            "field": "kubernetes.container.cpu.limit.cores"
          }
        },
        "container_cpu_limit_count": {
          "value_count": {
            "field": "kubernetes.container.cpu.limit.cores"
          }
        },
        "container_memory_request_sum": {
          "sum": {
            "field": "kubernetes.container.memory.request.bytes"
          }
        },
        "container_memory_request_count": {
          "value_count": {
            "field": "kubernetes.container.memory.request.bytes"
          }
        },
        "container_memory_limit_sum": {
          "sum": {
            "field": "kubernetes.container.memory.limit.bytes"
          }
        },
        "container_memory_limit_count": {
          "value_count": {
            "field": "kubernetes.container.memory.limit.bytes"
          }
        }
      }
    }
  }
}