{
  "query": {
    "bool": {
      "must": [
        {
        "term" : { "fields.cluster_id.keyword": "$OPENSHIFT_CLUSTER" }
        },
        {
        "term" : { "kubernetes.namespace.keyword": "$OPENSHIFT_NAMESPACE" }
        }
      ],
      "filter": [
        {
          "range": {
            "@timestamp":
            {
              "gte": "now-15m",
              "lte": "now"
            }
          }
        }
      ]
    }
  },
  "sort": [
    {
      "@timestamp": {
        "order": "desc"
      }
    }
  ],
  "size": 500,
  "aggs": {
    "all_matching_docs": {
      "filters": {
        "filters": {
          "all": {
            "match_all": {}
          }
        }
      },
      "aggs": {
        "unique_count": {
          "cardinality": {
            "field": "kubernetes.pod.name.keyword"
          }
        },
        "container_cpu_request_sum": {
          "sum": {
            "field": "kubernetes.container.cpu.request.cores"
          }
        },
        "container_cpu_request_count": {
          "value_count": {
            "field": "kubernetes.container.cpu.request.cores"
          }
        },
        "container_cpu_limit_sum": {
          "sum": {
            "field": "kubernetes.container.cpu.limit.cores"
          }
        },
        "container_cpu_limit_count": {
          "value_count": {
            "field": "kubernetes.container.cpu.limit.cores"
          }
        },
        "container_memory_request_sum": {
          "sum": {
            "field": "kubernetes.container.memory.request.bytes"
          }
        },
        "container_memory_request_count": {
          "value_count": {
            "field": "kubernetes.container.memory.request.bytes"
          }
        },
        "container_memory_limit_sum": {
          "sum": {
            "field": "kubernetes.container.memory.limit.bytes"
          }
        },
        "container_memory_limit_count": {
          "value_count": {
            "field": "kubernetes.container.memory.limit.bytes"
          }
        },
        "total_cpu_request": {
          "bucket_script": {
            "buckets_path": {
              "unique_count": "unique_count",
              "cpu_request_sum": "container_cpu_request_sum",
              "cpu_request_count": "container_cpu_request_count"
            },
            "script": "params.cpu_request_sum / (params.cpu_request_count / params.unique_count)"
          }
        },
        "total_cpu_limit": {
          "bucket_script": {
            "buckets_path": {
              "unique_count": "unique_count",
              "cpu_limit_sum": "container_cpu_limit_sum",
              "cpu_limit_count": "container_cpu_limit_count"
            },
            "script": "params.cpu_limit_sum / (params.cpu_limit_count / params.unique_count)"
          }
        },
        "total_memory_request": {
          "bucket_script": {
            "buckets_path": {
              "unique_count": "unique_count",
              "memory_request_sum": "container_memory_request_sum",
              "memory_request_count": "container_memory_request_count"
            },
            "script": "(params.memory_request_sum / (params.memory_request_count / params.unique_count))"
          }
        },
        "total_memory_limit": {
          "bucket_script": {
            "buckets_path": {
              "unique_count": "unique_count",
              "memory_limit_sum": "container_memory_limit_sum",
              "memory_limit_count": "container_memory_limit_count"
            },
            "script": "(params.memory_limit_sum / (params.memory_limit_count / params.unique_count))"
          }
        }
      }
    }
  }
}