{
    "size": 5000,
    "sort": [
      {
        "@timestamp": {
          "order": "desc"
        }
      }
    ],
    "query": {
      "bool": {
        "must": [
          {
            "match_phrase": {
              "fields.cluster_id.keyword": "san01darwin.san.pro.bo1"
            }
          }
        ],
        "should": [],
        "filter": [
          {
            "range": {
              "@timestamp":
              {
                "gte": "now-15m",
                "lte": "now"
              }
            }
          }
        ]
      }
    },
    "_source": [
      "@timestamp",
      "client_ip",
      "X-Forwarded-For",
      "Host",
      "User-Agent",
      "path",
      "method",
      "status_code",
      "Tr",
      "Tq",
      "Tw",
      "Tt"
    ]
  }