{
  "size": 1000,
  "_source": {
    "includes": [
      "kubernetes.event.involved_object.name",
      "kubernetes.event.reason",
      "@timestamp"
    ]
  },
  "query": {
    "bool": {
      "must": [],
      "filter": [
        {
          "match_phrase": {
            "metricset.name": {
              "query": "event"
            }
          }
        },
        {
          "match_phrase": {
            "fields.cluster_id.keyword": "$OPENSHIFT_CLUSTER" 
          }
        },
        {
          "match_phrase": {
            "kubernetes.namespace.keyword": "$OPENSHIFT_NAMESPACE"
          }
        },
        {
          "bool": {
            "should": [
              {
                "match_phrase": {
                  "kubernetes.event.reason": "\"Killing\""
                }
              },
              {
                "match_phrase": {
                  "kubernetes.event.reason": "\"AddedInterface\""
                }
              }
            ],
            "minimum_should_match": 1
          }
        },
        {
          "range": {
            "@timestamp": {
              "gte": "$FECHA_INICIO",
              "lte": "$FECHA_FIN"
            }
          }
        }
      ],
      "should": [],
      "must_not": []
    }
  }
}