{
  "size": 0,
  "query": {
    "bool": {
      "must": [
        {
          "range": {
            "@timestamp": {
              "gte": "$FECHA_INICIO",
              "lte": "$FECHA_FIN",
              "format": "strict_date_optional_time"
            }
          }
        },
        {
          "bool": {
            "must": [],
            "filter": [
              {
                "bool": {
                  "filter": [
                    {
                      "bool": {
                        "should": [
                          {
                            "match": {
                              "metricset.name": "pod"
                            }
                          }
                        ],
                        "minimum_should_match": 1
                      }
                    },
                    {
                      "bool": {
                        "must_not": {
                          "bool": {
                            "should": [
                              {
                                "match_phrase": {
                                  "kubernetes.namespace": "openshift-*"
                                }
                              }
                            ],
                            "minimum_should_match": 1
                          }
                        }
                      }
                    },
                    {
                      "bool": {
                        "should": [
                          {
                            "bool": {
                              "should": [
                                {
                                  "query_string": {
                                    "fields": [
                                      "kubernetes.node.name"
                                    ],
                                    "query": "nodecs*"
                                  }
                                }
                              ],
                              "minimum_should_match": 1
                            }
                          },
                          {
                            "bool": {
                              "should": [
                                {
                                  "query_string": {
                                    "fields": [
                                      "kubernetes.node.name"
                                    ],
                                    "query": "worker*"
                                  }
                                }
                              ],
                              "minimum_should_match": 1
                            }
                          },
                          {
                            "bool": {
                              "should": [
                                {
                                  "query_string": {
                                    "fields": [
                                      "kubernetes.node.name"
                                    ],
                                    "query": "*ocpcpt*"
                                  }
                                }
                              ],
                              "minimum_should_match": 1
                            }
                          }
                        ],
                        "minimum_should_match": 1
                      }
                    }
                  ]
                }
              }
            ],
            "should": [],
            "must_not": []
          }
        },
        {
          "bool": {
            "must": [],
            "filter": [],
            "should": [],
            "must_not": []
          }
        }
      ],
      "filter": [
        {
          "match_phrase": {
            "fields.cluster_id.keyword": "$OPENSHIFT_CLUSTER"
          }
        }
      ],
      "should": [],
      "must_not": []
    }
  },
  "aggs": {
    "timeseries": {
      "date_histogram": {
        "field": "@timestamp",
        "min_doc_count": 0,
        "time_zone": "Europe/Madrid",
        "extended_bounds": {
          "min": 1744187980435,
          "max": 1744191580435
        },
        "fixed_interval": "2h"
      },
      "aggs": {
        "61ca57f2-469d-11e7-af02-69e470af7417": {
          "sum": {
            "field": "kubernetes.pod.memory.working_set.bytes"
          }
        },
        "a224e700-804c-11ec-9d20-19102feecd52": {
          "value_count": {
            "field": "kubernetes.pod.memory.working_set.bytes"
          }
        },
        "a279bdc0-804c-11ec-9d20-19102feecd52": {
          "cardinality": {
            "field": "kubernetes.pod.name.keyword"
          }
        },
        "3bd772c0-5cc9-11ec-b347-453bc8c37d73": {
          "bucket_script": {
            "buckets_path": {
              "usage_sum": "61ca57f2-469d-11e7-af02-69e470af7417",
              "usage_count": "a224e700-804c-11ec-9d20-19102feecd52",
              "unique_count": "a279bdc0-804c-11ec-9d20-19102feecd52"
            },
            "script": {
              "source": "((params.usage_sum) / (params.usage_count / params.unique_count))/ 1024.0 / 1024.0 / 1024.0",
              "lang": "painless",
              "params": {
                "_interval": 180000
              }
            },
            "gap_policy": "skip"
          }
        }
      },
      "meta": {
        "timeField": "@timestamp",
        "panelId": "61ca57f0-469d-11e7-af02-69e470af7417",
        "seriesId": "61ca57f1-469d-11e7-af02-69e470af7417",
        "intervalString": "180s",
        "indexPatternString": "capacity",
        "normalized": true
      }
    }
  },
  "runtime_mappings": {},
  "timeout": "30000ms"
}